,City,Lat,Lng,Max Temp,Humidity,Cloudiness,Wind Speed,Country,Date
0,Ohrid,41.13,20.87,70.41,51,29,7.14,MK,1601735065
1,Oristà,41.93,2.07,60.01,67,51,1.99,ES,1601735065
2,Le Châtelard,46.45,6.9,53.01,81,64,4.0,CH,1601735065
3,Croth,48.85,1.38,55.4,71,90,9.17,FR,1601735065
4,Mīrānpur Katra,28.03,79.65,82.2,44,0,4.14,IN,1601735065
5,Sumurgeneng,-6.8,111.96,82.99,70,99,4.63,ID,1601735066
6,Sincelejo,9.3,-75.4,79.68,82,59,6.24,CO,1601735066
7,Ulrichsberg,48.67,13.91,66.99,61,100,3.0,AT,1601735066
8,Viriato,12.29,124.35,81.09,81,100,3.58,PH,1601735066
9,Unterwürschnitz,50.38,12.25,66.0,77,40,14.99,DE,1601735066
10,Cilawu,-7.28,107.92,66.58,96,54,3.69,ID,1601735066
11,Krasnyye Chetai,55.69,46.14,57.36,64,3,3.58,RU,1601735066
12,Vignale,43.45,11.85,61.0,81,94,5.5,IT,1601735066
13,Xujia,27.65,116.69,74.25,95,44,4.81,CN,1601735066
14,Sem Peixe,-20.11,-42.84,95.4,25,12,6.24,BR,1601735066
15,San Giorgio delle Pertiche,45.54,11.89,71.6,83,40,6.93,IT,1601735066
16,Ostramondra,51.2,11.33,69.01,66,99,6.46,DE,1601735066
17,Poxdorf,50.97,11.75,69.01,77,56,9.55,DE,1601735067
18,Hats’avan,39.46,45.97,77.0,33,20,6.93,AM,1601735067
19,Lallio,45.67,9.63,66.2,55,20,6.93,IT,1601735067
20,Gérgeri,35.13,24.95,81.0,72,0,1.05,GR,1601735067
21,Järveotsa,59.42,24.63,62.6,67,55,17.22,EE,1601735067
22,Antweiler,50.4,6.83,54.0,90,100,7.0,DE,1601735067
23,Wenquan Xiaocun,24.96,102.45,68.0,100,20,6.71,CN,1601735067
24,Manduria,40.4,17.63,78.8,74,75,17.22,IT,1601735067
25,Indiaroba,-11.52,-37.51,84.33,54,52,8.43,BR,1601735067
26,Reyero,42.95,-5.2,55.0,52,92,3.0,ES,1601735067
27,Wilhelmshöhe,48.85,8.58,60.8,55,92,9.17,DE,1601735067
28,Traitsching,49.15,12.65,64.0,86,100,10.0,DE,1601735067
29,Rio Doce,-20.24,-42.9,96.39,24,17,6.08,BR,1601735067
30,Pihtipudas,63.41,25.59,54.99,73,47,7.54,FI,1601735068
31,Immerath,50.13,6.95,59.0,87,100,14.99,DE,1601735068
32,Dhaka Division,24.17,90.42,80.6,88,75,5.55,BD,1601735068
33,Lucklum,52.22,10.7,69.01,68,20,10.29,DE,1601735068
34,Pereda,43.02,-3.58,64.99,72,75,25.28,ES,1601735068
35,Serut,-8.14,112.19,75.45,88,67,6.31,ID,1601735068
36,Bell Bay,-41.12,146.87,55.0,94,100,0.56,AU,1601735068
37,Ormea,44.16,7.92,66.0,59,20,16.11,IT,1601735068
38,Gadoni,39.91,9.18,75.2,31,40,19.46,IT,1601735068
39,Zacatecas,23.0,-103.0,44.6,75,5,4.85,MX,1601734876
40,Lorvão,40.26,-8.32,66.0,58,40,8.01,PT,1601735068
41,Aşağı Karafakılı,36.78,36.56,82.4,58,0,18.34,TR,1601735068
42,Odala,13.48,120.82,77.0,95,99,1.99,PH,1601735068
43,Murindó,6.98,-76.75,80.08,83,10,3.94,CO,1601735068
44,Bad Karlshafen,51.64,9.45,68.0,68,75,16.11,DE,1601735069
45,Bellaria,44.15,12.47,71.6,82,75,8.05,IT,1601735069
46,Esterwegen,52.99,7.63,63.0,86,100,1.01,DE,1601735069
47,Sijiu,22.22,112.85,84.0,84,19,8.01,CN,1601734779
48,Wakayama,33.91,135.51,73.4,73,89,5.82,JP,1601735069
49,Cumayeri,40.87,30.95,76.12,35,0,5.66,TR,1601735069
50,Ramales de la Victoria,43.26,-3.47,62.01,72,75,25.28,ES,1601735069
51,Estcourt,-29.01,29.87,76.01,30,0,9.1,ZA,1601735069
52,Ahraura,25.02,83.02,80.6,88,40,3.36,IN,1601735069
53,Villamor,6.7,124.52,76.78,82,62,3.31,PH,1601735069
54,Campi Bisenzio,43.82,11.13,63.0,82,75,5.82,IT,1601735069
55,Yachimata,35.65,140.32,73.0,88,75,1.12,JP,1601735069
56,Shelbyville,38.21,-85.22,55.99,87,1,3.36,US,1601735069
57,Worthington Hills,38.31,-85.53,55.99,76,1,4.36,US,1601735069
58,Carcavelos,38.69,-9.32,68.0,48,20,11.41,PT,1601734912
59,Smith Mills,41.64,-70.99,62.01,63,1,4.97,US,1601735070
60,Dürrenboden,46.93,8.83,55.4,62,73,5.82,CH,1601735070
61,Wallangra,-29.27,150.9,57.0,73,0,6.85,AU,1601735070
62,Narendranagar,30.17,78.3,78.8,83,20,3.09,IN,1601735070
63,Spremberg,51.57,14.37,71.01,70,14,1.99,DE,1601735070
64,Lewis Ponds Lower,-33.2,149.25,50.0,77,40,2.17,AU,1601735070
65,Mattersburg,47.74,16.4,75.0,57,100,18.01,AT,1601735070
66,Zhetikara,52.19,61.2,56.86,59,99,5.37,KZ,1601735070
67,Petrijanec,46.35,16.23,80.01,56,85,5.01,HR,1601735070
68,Cosa,40.8,-1.13,69.8,32,15,3.36,ES,1601735070
69,Navoloki,57.47,41.96,57.18,70,100,2.71,RU,1601735070
70,Villalago,41.93,13.84,84.2,48,100,14.99,IT,1601735070
71,Sante Marie,42.1,13.2,66.99,83,99,5.97,IT,1601735071
72,Pedorido,41.03,-8.38,64.4,63,40,6.93,PT,1601735071
73,Pöhl,50.4,12.33,66.0,77,40,14.99,DE,1601735071
74,Santa Cruz de Grío,41.37,-1.43,69.8,45,75,10.29,ES,1601735071
75,Altrip,49.44,8.48,57.99,76,40,6.93,DE,1601735071
76,Jakobsdorf,54.23,12.93,66.0,72,75,21.92,DE,1601735071
77,Saint-Georges-sur-Baulche,47.8,3.53,55.0,86,100,9.62,FR,1601735071
78,Böhmenkirch,48.68,9.93,55.0,88,100,4.0,DE,1601735071
79,Floral College,34.78,-79.32,64.0,63,1,9.17,US,1601735071
80,Fauroux,45.25,2.67,48.2,93,100,16.11,FR,1601735071
81,Le Bouchaud,46.3,3.88,55.4,71,100,14.99,FR,1601735071
82,Dobrovo,46.0,13.53,70.0,88,100,16.11,SI,1601735072
83,Natrup,51.95,7.43,60.8,82,75,13.87,DE,1601735072
84,Jurica,20.68,-100.45,57.99,71,90,5.82,MX,1601735072
85,Jay,36.42,-94.8,59.0,58,1,8.05,US,1601735072
86,Gofitskoye,45.08,43.05,64.45,53,99,6.2,RU,1601735072
87,Arnac-la-Poste,46.27,1.37,52.0,93,100,16.11,FR,1601735072
88,Veselí nad Lužnicí,49.18,14.7,69.01,56,73,5.01,CZ,1601735072
89,Mera,45.77,26.95,80.6,30,75,11.41,RO,1601735072
90,San Pedro de Jujuy,-24.23,-64.87,62.6,48,79,12.75,AR,1601735072
91,Monacilioni,41.61,14.81,91.4,26,100,18.34,IT,1601735072
92,Saint-Vincent-de-Cosse,44.83,1.1,57.2,87,100,18.34,FR,1601735072
93,La Salvetat-Saint-Gilles,43.58,1.27,53.6,87,100,18.34,FR,1601735072
94,Curragh West,53.65,-8.65,54.0,76,43,1.01,IE,1601735072
95,Épaignes,49.28,0.44,59.0,67,40,12.75,FR,1601735072
96,Samokov,42.33,23.55,78.8,36,22,3.36,BG,1601735072
97,Quassel,53.33,11.08,66.0,79,80,5.99,DE,1601735073
98,Retulemus,-35.95,-72.35,52.72,53,41,1.72,CL,1601735073
99,Lynesack and Softley,54.64,-1.85,55.0,97,100,7.0,GB,1601735073
100,Khārk,29.26,50.33,93.2,59,0,9.17,IR,1601735073
101,Kankipādu,16.45,80.78,82.4,88,90,3.36,IN,1601735073
102,Ohlum,52.27,10.07,69.01,75,58,10.49,DE,1601735073
103,Strohbrück,54.33,9.98,62.01,82,75,24.16,DE,1601735073
104,Arrondissement de Cahors,44.42,1.33,57.0,87,100,11.41,FR,1601735073
105,Timbiras,-4.26,-43.94,97.63,35,33,3.27,BR,1601735073
106,Sainte-Hélène,47.72,-3.2,54.0,81,90,18.34,FR,1601735073
107,Tambaksari,-8.05,112.59,72.16,87,93,2.1,ID,1601735073
108,Benicassim,40.05,0.07,75.99,26,12,1.01,ES,1601735073
109,Sérignac-sur-Garonne,44.22,0.5,57.0,87,100,11.41,FR,1601735073
110,Ixchiguán,15.2,-91.88,77.0,100,75,2.98,GT,1601735073
111,Seedorf,48.25,8.49,55.0,82,41,8.28,DE,1601735073
112,Buenaventura,3.58,-77.0,75.2,64,40,4.7,CO,1601735074
113,Billère,43.3,-0.4,51.8,100,100,16.11,FR,1601735074
114,Banaran,-6.86,111.96,82.8,70,99,3.89,ID,1601735074
115,Zhongling,27.96,116.38,71.73,95,47,9.33,CN,1601735074
116,Ledesma,41.13,-6.02,57.0,43,75,14.99,ES,1601735074
117,Jeanerette,29.91,-91.66,64.0,77,1,9.17,US,1601735074
118,Étienville,49.39,-1.43,60.8,63,40,5.82,FR,1601735074
119,Mali Iđoš,45.71,19.67,85.5,35,20,18.59,RS,1601735074
120,San Remigio,11.08,123.94,82.31,78,100,7.0,PH,1601735074
121,Saussay,48.85,1.42,55.4,71,90,9.17,FR,1601735074
122,Mugma,23.77,86.73,78.8,90,100,4.47,IN,1601735074
123,Partido de Chivilcoy,-34.92,-59.92,48.0,63,88,8.01,AR,1601735074
124,Washington County,41.5,-71.62,61.0,65,0,4.34,US,1601735074
125,Menzelinsk,55.73,53.1,57.2,50,18,6.71,RU,1601735074
126,Taounate Province,34.5,-4.83,62.6,72,75,8.05,MA,1601735074
127,Bayanbulag,46.81,98.09,18.5,84,0,0.38,MN,1601735075
128,Escurial,39.19,-5.91,67.06,32,0,12.93,ES,1601735075
129,Heuweiler,48.05,7.9,60.01,54,20,12.75,DE,1601735075
130,Kakandetta,-8.77,148.23,72.32,95,54,2.89,PG,1601735075
131,Cimarelang,-7.26,106.54,75.69,87,96,14.54,ID,1601735075
132,Savigny,45.82,4.57,57.99,75,98,5.01,FR,1601735075
133,Okazaki,34.95,137.17,73.4,73,75,6.93,JP,1601735075
134,Pervomayskoye,43.94,42.48,66.2,63,40,8.95,RU,1601735075
135,La Ville-du-Bois,48.66,2.27,57.2,71,40,10.29,FR,1601735075
136,Leezdorf,53.55,7.3,62.6,77,100,12.75,DE,1601735075
137,Albairate,45.42,8.94,70.0,47,1,10.0,IT,1601734831
138,Orry-la-Ville,49.13,2.51,59.0,67,75,11.41,FR,1601735075
139,Lindian,34.72,109.6,55.99,82,93,4.63,CN,1601735075
140,Nucşoara,45.33,24.78,72.0,57,88,5.46,RO,1601735076
141,Rivilla de Barajas,40.9,-4.99,55.4,43,75,14.99,ES,1601735076
142,Ford Heights,41.51,-87.59,48.99,75,90,3.36,US,1601735076
143,Muttaburra,-22.6,144.55,73.98,39,0,20.04,AU,1601735076
144,Le Bugue,44.92,0.93,57.2,87,100,18.34,FR,1601735076
145,Drage,54.0,9.52,63.0,82,77,14.0,DE,1601735076
146,Nanxi,28.84,104.98,67.86,87,100,3.33,CN,1601735076
147,Martfeld,52.87,9.07,68.0,72,75,12.75,DE,1601735076
148,Wandian,31.83,113.49,56.59,89,100,7.54,CN,1601735076
149,Sainte-Suzanne,-20.9,55.62,77.0,65,90,10.29,RE,1601735076
150,Sitniki,56.46,44.07,62.01,62,66,2.64,RU,1601735076
151,Xiaohui,34.91,109.27,57.2,93,100,2.24,CN,1601735076
152,Frederikssund Kommune,55.82,12.08,61.0,84,100,5.01,DK,1601735076
153,Oberwiesen,49.7,7.97,57.0,1,92,9.42,DE,1601735076
154,Ardsollus Bridge,52.8,-8.89,55.4,66,20,11.41,IE,1601735076
155,Philippeville,50.2,4.54,55.99,76,96,12.75,BE,1601735077
156,Propriano,41.67,8.9,68.0,56,100,10.29,FR,1601735077
157,Gulgong,-32.37,149.53,51.01,100,11,1.74,AU,1601735077
158,Diesdorf,52.13,11.56,71.01,61,77,10.0,DE,1601735077
159,Jänickendorf,52.05,13.25,72.0,68,12,7.0,DE,1601735077
160,Port-sur-Saône,47.69,6.05,59.0,58,74,12.75,FR,1601735077
161,Sils im Domleschg,46.69,9.46,50.0,49,40,13.87,CH,1601735077
162,Litzelsdorf,47.2,16.15,73.0,77,20,5.82,AT,1601735077
163,Spassk-Dal'niy,44.6,132.82,48.24,78,22,4.76,RU,1601735077
164,Cillán,40.7,-4.99,53.01,57,2,1.01,ES,1601735077
165,Corinthia,37.92,22.67,78.01,61,0,8.99,GR,1601735077
166,South Boston,36.7,-78.9,59.0,67,1,5.82,US,1601735077
167,Batuagung,-8.36,114.64,78.39,85,19,8.93,ID,1601735077
168,Canim Lake,51.77,-120.9,50.9,77,1,2.15,CA,1601735077
169,El Cercado,18.92,-70.76,73.4,94,75,6.93,DO,1601735077
170,Kohima,25.67,94.12,64.99,100,98,1.59,IN,1601735077
171,Mudarras,31.85,47.18,99.84,11,0,5.39,IQ,1601735078
172,Torre de Miguel Sesmero,38.65,-6.76,69.01,37,20,18.34,ES,1601735078
173,Sułów,50.77,22.96,70.0,73,76,13.87,PL,1601735078
174,Banbridge,54.35,-6.28,54.0,87,75,10.29,GB,1601735078
175,Dreisel,50.8,7.58,50.0,91,100,3.0,DE,1601735078
176,Guanjiachuan,35.76,102.93,49.86,49,98,2.51,CN,1601735078
177,Colmanstown,53.39,-8.62,53.01,71,48,8.28,IE,1601735078
178,Phaltan,17.98,74.43,81.81,59,74,3.53,IN,1601735078
179,Horní Počaply,50.42,14.39,73.99,56,0,9.17,CZ,1601735078
180,Burdukovo,54.44,37.88,58.89,55,95,7.7,RU,1601735078
181,Middleberg,35.11,-97.73,57.0,71,1,10.29,US,1601735078
182,Dolgoprudnyy,55.9,37.56,60.8,55,100,11.18,RU,1601735078
183,Saint-Côme--Linière,46.07,-70.52,39.99,100,31,1.99,CA,1601735078
184,Senhor da Arieira,40.17,-8.85,68.0,55,40,10.29,PT,1601735078
185,Añe,41.04,-4.29,59.0,49,7,5.99,ES,1601735078
186,East Lynne,-25.71,28.28,71.6,60,92,1.12,ZA,1601735078
187,Tarashcha,49.56,30.49,66.7,63,100,9.26,UA,1601735079
188,Brookline,42.73,-71.66,60.01,81,1,2.44,US,1601735079
189,Stepnoye,51.4,46.87,66.0,33,34,1.99,RU,1601735079
190,Serpentine,-32.35,115.97,57.0,71,0,11.41,AU,1601735079
191,Pingyao County,37.2,112.18,53.29,41,0,7.23,CN,1601735079
192,Staré Nechanice,50.24,15.62,75.2,50,13,16.11,CZ,1601735079
193,Nielisz,50.8,23.04,70.0,73,78,13.87,PL,1601735079
194,Faimes,50.66,5.26,55.99,76,40,12.75,BE,1601735079
195,Tejupilco de Hidalgo,18.9,-100.15,62.49,64,0,3.56,MX,1601735079
196,Fuente del Maestre,38.55,-6.45,66.99,42,0,8.01,ES,1601735079
197,Illfurth,47.67,7.27,60.01,62,20,10.29,FR,1601735079
198,Webb,33.55,-112.37,75.0,15,1,6.93,US,1601735079
199,San Cristóbal de Boedo,42.54,-4.35,57.99,47,92,18.37,ES,1601735079
200,Marshville,34.99,-80.37,57.99,67,1,8.05,US,1601735080
201,Baloy,15.81,120.77,77.38,89,82,2.48,PH,1601735080
202,Ban Mounlapamôk,14.33,105.87,77.79,89,81,0.98,LA,1601735080
203,Oludeniz,36.57,29.14,80.6,65,0,12.75,TR,1601735080
204,Vatutinki,55.5,37.33,62.6,51,100,8.95,RU,1601735080
205,Miscouche,46.43,-63.87,55.99,84,61,3.0,CA,1601735080
206,Kauppen,50.45,9.49,53.01,89,100,4.0,DE,1601735080
207,Kripan,42.59,-2.51,60.8,51,75,18.34,ES,1601735080
208,River Edge,40.93,-74.04,61.0,67,1,5.82,US,1601735080
209,Adrara San Martino,45.7,9.95,69.01,55,20,6.93,IT,1601735080
210,Stanfield,35.23,-80.43,62.01,74,0,6.78,US,1601735080
211,Puch-d'Agenais,44.33,0.24,57.0,91,100,5.99,FR,1601735080
212,Peusar,-6.63,105.72,78.64,84,30,17.16,ID,1601735080
213,Horcajuelo de la Sierra,41.06,-3.55,59.0,48,60,5.99,ES,1601735080
214,Terrytown,29.91,-90.03,68.0,55,1,6.93,US,1601734865
215,Pobeda,44.77,37.73,71.01,68,20,11.18,RU,1601735081
216,Rougiers,43.38,5.85,66.99,61,87,4.0,FR,1601735081
217,Sanaa,15.35,44.21,69.4,23,1,17.16,YE,1601734795
218,Fornelo,40.76,-8.25,66.0,63,40,6.93,PT,1601735081
219,Karymskoye,51.62,114.35,37.44,83,100,5.23,RU,1601735081
220,Sulniac,47.68,-2.57,54.0,93,100,19.46,FR,1601734791
221,Armañanzas,42.56,-2.28,60.8,51,75,18.34,ES,1601735081
222,Keppel Sands,-23.35,150.78,68.0,77,40,5.82,AU,1601735081
223,Alaquàs,39.46,-0.46,77.0,27,20,19.46,ES,1601735081
224,Admannshagen,54.13,12.0,66.0,72,75,21.92,DE,1601735081
225,Ficarolo,44.95,11.43,69.01,66,95,8.01,IT,1601735081
226,Mirpur Sakro,24.55,67.63,86.0,70,20,11.41,PK,1601735081
227,Wines,7.19,125.39,75.2,100,90,8.05,PH,1601735081
228,Lumangan,10.72,122.27,79.36,77,100,2.37,PH,1601735081
229,Bussigny,46.55,6.56,55.0,81,28,4.0,CH,1601735081
230,Blonay,46.47,6.9,53.01,81,61,4.0,CH,1601735081
231,Pogeez,53.75,10.73,66.0,77,75,16.11,DE,1601735082
232,Pompogne,44.26,0.05,55.0,100,100,8.01,FR,1601735082
233,Daberkow,53.83,13.3,68.0,68,20,14.99,DE,1601735082
234,Viana,42.52,-2.37,60.8,51,75,18.34,ES,1601735082
235,Kirchmatting,48.81,12.61,64.99,66,100,17.27,DE,1601735082
236,Porto de Mós Municipality,39.57,-8.82,68.0,55,7,7.0,PT,1601735082
237,Biberbach,48.03,14.72,75.2,44,100,6.93,AT,1601735082
238,Étel,47.65,-3.2,55.0,82,100,13.0,FR,1601735082
239,Hulluch,50.49,2.81,60.01,67,75,10.29,FR,1601735082
240,Wangpu,35.06,105.44,50.32,69,100,0.98,CN,1601735082
241,Bignan,47.88,-2.77,51.8,93,100,19.46,FR,1601735083
242,Zhan’erxiang,33.78,106.3,56.84,59,100,3.87,CN,1601735083
243,Villa Las Rosas,-31.95,-65.05,63.0,37,49,4.0,AR,1601735083
244,Guadalupe,31.2,-110.97,72.0,33,1,2.53,MX,1601735083
245,Pleasant View,41.32,-111.99,55.99,32,1,6.93,US,1601735083
246,Candelaria,28.35,-16.37,73.0,100,90,20.8,ES,1601735083
247,Tatebayashi,36.25,139.53,75.99,61,75,3.67,JP,1601735083
248,Tembongraja,-7.15,108.76,70.9,98,59,6.51,ID,1601735083
249,San Sebastián Tutla,17.06,-96.67,62.6,59,75,3.36,MX,1601735083
250,Plenas,41.11,-0.96,69.8,32,0,3.36,ES,1601735083
251,Darvel,55.61,-4.28,48.2,93,75,4.7,GB,1601735083
252,Stationsquartier,47.33,8.47,57.0,66,23,8.05,CH,1601735083
253,Nanxi,23.5,116.24,80.6,74,20,2.24,CN,1601735083
254,Friesack,52.74,12.58,73.0,10,55,14.74,DE,1601735083
255,Bokovskaya,49.23,41.83,66.06,25,99,9.86,RU,1601735084
256,Ernsee,50.88,12.03,69.01,48,58,9.95,DE,1601735084
257,Vilamoura,37.08,-8.11,68.0,64,20,18.34,PT,1601735084
258,Dhaka Division,24.17,90.42,80.6,88,75,5.55,BD,1601735068
259,Konongwootong,-37.53,141.68,53.08,81,100,11.05,AU,1601735084
260,Lobachëv,48.54,42.39,66.4,26,100,7.9,RU,1601735084
261,San Rafael Petzal,15.4,-91.66,53.01,100,87,1.92,GT,1601735084
262,Dun-le-Palestel,46.3,1.67,53.6,93,100,16.11,FR,1601735084
263,Montazeau,44.88,0.15,57.2,87,100,18.34,FR,1601735084
264,Northern Samar,12.33,124.67,76.82,91,84,1.54,PH,1601735084
265,Wiesbaden,50.08,8.25,55.99,87,1,6.93,DE,1601734985
266,Nandi Hills,0.11,35.18,86.0,33,75,6.93,KE,1601735084
267,Kaltenbach,47.65,8.84,57.99,63,57,2.17,CH,1601735084
268,Fognano,44.83,10.28,73.99,45,100,16.11,IT,1601735084
269,Boaz,34.2,-86.17,55.0,71,1,4.7,US,1601735005
270,Socking,48.67,13.25,64.99,76,100,1.01,DE,1601735085
271,Malmo,55.61,13.0,62.6,77,100,25.28,SE,1601734804
272,Prairie Village,38.99,-94.63,55.4,62,1,6.93,US,1601734787
273,Wilp,52.22,6.15,55.99,95,100,7.0,NL,1601735085
274,Ranovskaya,53.28,102.83,29.55,86,0,5.41,RU,1601735045
275,Bohoyo,40.32,-5.44,61.0,43,0,1.99,ES,1601735085
276,Barumini,39.7,9.0,71.01,72,75,13.87,IT,1601735085
277,Todymvazh,56.24,46.41,57.2,44,0,4.47,RU,1601735085
278,Kirby,39.14,-86.61,54.0,71,1,4.7,US,1601735085
279,Carpasio,43.96,7.87,64.4,59,20,16.11,IT,1601735085
280,Adrara San Martino,45.7,9.95,69.01,55,20,6.93,IT,1601735080
281,Bojszowy,50.06,19.1,73.99,53,38,6.02,PL,1601735085
282,Chiguang,24.39,115.43,76.46,83,21,1.28,CN,1601735085
283,Saint-Laurent-en-Royans,45.03,5.33,59.0,72,46,16.11,FR,1601735085
284,Bol’shoye Obozero,61.9,35.22,50.0,87,100,2.24,RU,1601735085
285,Kranenburg,53.6,9.2,64.0,77,75,13.87,DE,1601735085
286,Châtillon-en-Vendelais,48.22,-1.18,53.6,93,91,3.36,FR,1601735086
287,Ekyigon,21.68,95.98,81.95,74,84,4.47,MM,1601735086
288,El Espinal,23.78,-106.4,82.0,90,0,3.0,MX,1601735086
289,Markvippach,51.08,11.17,69.01,72,100,3.36,DE,1601735086
290,Yalakdere,40.6,29.56,84.2,24,0,4.7,TR,1601735086
291,Sardinia,40.0,9.0,75.2,31,40,19.46,IT,1601735086
292,Bergstedt,53.67,10.13,66.99,77,75,12.75,DE,1601735086
293,Barx,39.01,-0.31,73.0,2,0,8.01,ES,1601735086
294,Dana Point,33.47,-117.7,66.99,44,0,0.4,US,1601734894
295,Hezuo,34.99,102.91,38.98,83,100,5.5,CN,1601735086
296,Bradfield,53.44,-1.65,55.99,96,100,5.55,GB,1601735086
297,Fuentenebro,41.51,-3.75,55.0,48,47,5.99,ES,1601735086
298,Daji,30.51,114.04,59.0,93,90,4.47,CN,1601735086
299,Byram,32.18,-90.25,59.0,100,1,6.35,US,1601735087
300,Mulatupo,8.95,-77.77,81.72,74,68,6.85,PA,1601735087
301,Sipu,28.44,117.71,74.62,91,24,1.07,CN,1601735087
302,Söchtenau,47.93,12.23,55.0,99,82,13.56,DE,1601735087
303,Madelia,44.05,-94.42,44.01,75,94,4.7,US,1601735087
304,Gemena,3.25,19.77,89.19,51,99,1.9,CD,1601735087
305,Kudo,-8.01,111.45,77.2,79,9,5.41,ID,1601735087
306,Noventa,45.41,11.95,70.0,85,83,3.0,IT,1601735087
307,Tadami,37.35,139.32,62.01,88,100,2.89,JP,1601735087
308,Wray,40.08,-102.22,48.2,61,1,12.75,US,1601735087
309,Montigny-le-Bretonneux,48.77,2.03,55.99,71,90,9.17,FR,1601735087
310,Andili,7.46,125.97,75.2,100,90,8.05,PH,1601735087
311,Saint-Sulpice-de-Roumagnac,45.21,0.39,57.2,87,100,18.34,FR,1601735087
312,Utzenstorf,47.12,7.56,55.99,71,20,1.12,CH,1601735087
313,Pereiro,40.45,-7.77,63.0,64,82,5.99,PT,1601735088
314,Tulungrejo,-8.27,112.33,73.09,95,69,5.99,ID,1601735088
315,Aninoasa,44.75,23.48,82.99,35,40,1.01,RO,1601735088
316,Suceava,47.58,25.75,70.0,60,71,12.75,RO,1601735088
317,Radcliff,37.84,-85.95,57.0,81,1,3.2,US,1601735088
318,Linares de Mora,40.32,-0.57,64.0,38,0,14.99,ES,1601735088
319,Nordhouse,48.45,7.67,60.8,63,20,10.29,FR,1601735088
320,Priiskovyy,51.93,116.63,39.76,86,100,10.09,RU,1601735088
321,Kambwali,-9.42,28.74,88.43,35,32,6.4,ZM,1601735088
322,Kure,34.23,132.57,71.6,78,90,4.7,JP,1601735088
323,Perham,46.59,-95.57,42.8,70,1,5.82,US,1601735088
324,West Yellowstone,44.66,-111.1,23.0,92,1,2.3,US,1601735088
325,Kurnare,42.7,24.63,80.6,32,40,6.93,BG,1601735088
326,Lake Placid,27.29,-81.36,75.2,83,90,9.17,US,1601735088
327,Brookston,40.6,-86.87,51.8,70,90,4.7,US,1601735089
328,Enval,45.9,3.05,57.2,58,75,18.34,FR,1601735089
329,Miejska Górka,51.66,16.96,77.0,50,66,3.0,PL,1601735089
330,Blonville-sur-Mer,49.34,0.03,60.8,67,40,12.75,FR,1601735089
331,Beberstedt,51.3,10.4,66.0,86,100,1.99,DE,1601735089
332,Tresham,37.17,-97.05,55.4,71,1,4.7,US,1601735089
333,Dammam,26.43,50.1,98.6,39,0,12.75,SA,1601734981
334,Weiswampach,50.14,6.08,53.01,85,100,3.0,LU,1601735089
335,Dale,40.02,-86.4,52.0,66,40,3.36,US,1601735089
336,Tanabara,-9.69,120.29,78.33,75,81,8.66,ID,1601735089
337,Tānsen,27.87,83.55,64.54,100,99,1.7,NP,1601734940
338,Niederburg,50.12,7.7,55.99,91,100,3.0,DE,1601735089
339,Lierfeld,50.13,6.37,53.01,37,100,11.99,DE,1601735089
340,Baulon,47.99,-1.93,54.0,87,90,4.7,FR,1601735089
341,Gebre Guracha,9.8,38.4,62.8,83,76,1.45,ET,1601735089
342,Baolin,31.67,113.87,56.77,90,100,8.12,CN,1601735090
343,Friedrichsgrün,50.45,12.43,71.01,82,60,3.36,DE,1601735090
344,Hitoyoshi,32.22,130.75,66.0,82,66,1.01,JP,1601735090
345,Racibórz,50.09,18.22,77.0,60,91,11.01,PL,1601735090
346,‘Alī Khēl,33.94,69.72,59.9,31,0,4.16,AF,1601735090
347,Serres-Castet,43.38,-0.35,51.8,100,100,16.11,FR,1601735090
348,Gelnhaar,50.37,9.15,53.01,91,100,5.99,DE,1601735090
349,Pasqua,50.37,-105.38,32.0,82,20,2.24,CA,1601735090
350,Jandira,-23.53,-46.9,77.0,69,75,9.17,BR,1601735090
351,Jargalant,49.3,100.26,25.21,77,0,4.21,MN,1601735090
352,Argenschwang,49.88,7.7,57.99,81,100,3.0,DE,1601735090
353,Amalou,36.48,4.65,78.8,31,40,14.99,DZ,1601735090
354,San Paolo di Jesi,43.45,13.17,70.0,56,100,8.01,IT,1601735090
355,Granada,3.54,-73.7,71.6,94,95,4.14,CO,1601735090
356,Feldkirchen,48.15,11.74,53.01,91,93,3.0,DE,1601735091
357,Ketner Mill,35.14,-85.52,51.01,89,0,3.69,US,1601735091
358,Deutsch Kaltenbrunn,47.1,16.12,73.0,77,20,5.82,AT,1601735091
359,Aran,40.63,46.98,77.0,50,30,8.05,AZ,1601735091
360,San Pedro Bercianos,42.39,-5.71,59.0,62,75,18.34,ES,1601735091
361,Puhja,58.34,26.31,59.0,72,74,12.75,EE,1601735091
362,Hägglingen,47.39,8.25,57.0,73,70,1.01,CH,1601735091
363,Bouillon,49.79,5.07,55.99,96,54,10.98,BE,1601735091
364,Nysa,50.47,17.34,72.0,51,13,4.0,PL,1601735091
365,Rodersdorf,47.48,7.46,57.2,62,20,10.29,CH,1601735091
366,Bad Gams,46.87,15.22,69.01,77,20,5.82,AT,1601735091
367,Pettingen,49.77,6.11,54.0,76,75,13.87,LU,1601735091
368,Alcobaça,39.55,-8.98,68.0,55,40,10.29,PT,1601735091
369,Nyunen’ga,59.53,45.45,51.69,74,98,4.99,RU,1601735092
370,Cartes,43.32,-4.09,64.99,58,86,11.01,ES,1601735092
371,Sidorejo,-8.01,113.18,70.92,84,14,6.29,ID,1601735092
372,Montereau-Fault-Yonne,48.38,2.95,57.2,71,90,12.75,FR,1601735092
373,Emmelbaum,50.05,6.27,53.01,37,100,11.99,DE,1601735092
374,Nicastro,38.98,16.32,80.6,69,92,28.86,IT,1601735092
375,Tema,5.67,-0.02,84.2,70,20,11.41,GH,1601735092
376,Batea,41.09,0.31,69.01,40,26,13.0,ES,1601735092
377,Gannat,46.1,3.2,57.2,58,75,18.34,FR,1601735092
378,Bontoc,17.09,120.98,71.33,83,100,2.01,PH,1601735092
379,Hope,44.27,-69.16,55.99,80,21,2.59,US,1601735093
380,Barice,45.18,21.08,78.8,41,81,23.04,RS,1601735093
381,Cormolain,49.13,-0.85,59.0,62,90,9.17,FR,1601735093
382,Citengah,-7.48,108.78,76.84,90,95,3.71,ID,1601735093
383,Silver Springs,29.1,-82.02,73.99,81,100,3.0,US,1601734794
384,Prepotto,46.05,13.48,70.0,96,100,3.0,IT,1601735093
385,Morcenx,44.04,-0.91,59.0,87,100,10.29,FR,1601735093
386,Pinconning,43.85,-83.97,46.0,87,75,4.41,US,1601735093
387,Banderilla,19.58,-96.93,60.1,71,14,4.9,MX,1601735093
388,Sindanglaya,-6.78,105.68,77.94,85,47,16.6,ID,1601735093
389,Rizomylos,39.43,22.75,82.4,61,0,6.93,GR,1601735094
390,Andun,23.19,115.0,82.99,75,58,3.2,CN,1601735094
391,Nodeirinho,39.93,-8.24,68.0,63,29,11.32,PT,1601735094
392,Abja vald,58.09,25.25,58.39,72,85,10.31,EE,1601735094
393,Oltreacqua,46.52,13.64,66.0,82,40,11.41,IT,1601735094
394,Linggou,40.17,123.43,52.14,79,0,2.37,CN,1601735094
395,San Paolo di Jesi,43.45,13.17,70.0,56,100,8.01,IT,1601735090
396,Moonan Flat,-31.92,151.25,59.85,51,1,3.62,AU,1601735094
397,Greenanstown,53.62,-6.32,53.01,76,75,17.22,IE,1601735094
398,Oberhausen,49.1,8.06,59.0,79,91,1.99,DE,1601735094
399,Gessopalena,42.06,14.27,87.01,48,100,14.99,IT,1601735095
400,Lamadrid,43.35,-4.36,64.99,62,72,11.99,ES,1601735095
401,Marienville,41.47,-79.12,48.0,81,1,3.27,US,1601735095
402,Jõelähtme Parish,59.44,25.14,61.0,67,21,17.22,EE,1601735095
403,Linan,6.43,124.98,75.0,86,12,1.43,PH,1601735095
404,Šimanovci,44.87,20.09,82.4,42,45,16.11,RS,1601735095
405,Batiscan,46.49,-72.25,48.2,81,90,3.36,CA,1601735095
406,Kongwa,-6.2,36.42,84.63,30,2,12.44,TZ,1601735095
407,Ardanuç,41.13,42.06,75.2,64,47,3.36,TR,1601735096
408,Echtershausen,50.02,6.42,53.6,71,75,6.93,DE,1601735096
409,Río Blanco,18.83,-97.15,63.07,54,29,4.5,MX,1601735096
410,Montesquiu d'Albera,42.52,2.88,66.99,42,44,9.17,FR,1601735096
411,Sabirabad,40.01,48.48,78.8,54,72,4.7,AZ,1601735096
412,Občina Tolmin,46.18,13.73,68.0,96,100,3.0,SI,1601735096
413,Kenova,38.4,-82.58,54.0,87,1,3.27,US,1601735096
414,Jilin,43.0,126.0,45.75,75,0,6.53,CN,1601735096
415,Saalfelden am Steinernen Meer,47.43,12.85,69.01,57,37,8.01,AT,1601735096
416,Khairāgarh,26.95,77.82,84.2,48,5,1.12,IN,1601735096
417,Nainwa,25.77,75.85,85.01,32,0,3.47,IN,1601735097
418,Bauler,49.97,6.2,53.01,87,100,5.01,DE,1601735097
419,Hobscheid,49.69,5.91,54.0,86,76,1.99,LU,1601735097
420,Drope,52.58,7.5,62.01,87,97,6.73,DE,1601735097
421,Tomiño,41.99,-8.75,64.0,76,75,9.17,ES,1601735097
422,Zagor’ye,54.75,32.03,56.14,69,100,10.16,RU,1601735097
423,Lake Tansi,35.87,-85.05,57.99,76,1,3.36,US,1601735097
424,Laurel,31.69,-89.13,60.01,71,1,4.7,US,1601734831
425,Botuverá,-27.2,-49.07,66.99,93,100,1.99,BR,1601735097
426,Sidu,29.15,114.59,68.63,89,100,3.44,CN,1601735098
427,Engelberg,46.82,8.4,55.4,66,86,3.36,CH,1601735098
428,Nanshan,26.62,118.32,72.88,73,1,2.28,CN,1601735098
429,Holroyd,-33.83,150.95,62.01,84,59,2.01,AU,1601735098
430,Szurdokpüspöki,47.86,19.69,77.0,53,100,13.87,HU,1601735098
431,Sierentz,47.66,7.45,60.01,62,20,10.29,FR,1601735099
432,Agía Triáda,39.46,21.9,82.4,51,20,9.17,GR,1601735102
433,Otis,42.19,-73.09,53.01,83,49,1.01,US,1601735102
434,Styra (historical),36.46,-90.31,55.0,87,1,5.93,US,1601735103
435,Villanuño de Valdavia,42.51,-4.52,57.99,47,97,18.05,ES,1601735103
436,Lokossa-Tchikomé,6.63,1.72,83.19,74,69,8.32,BJ,1601735104
437,Camargo,-20.59,-65.16,63.07,49,59,4.23,BO,1601735104
438,Witsum,54.7,8.44,60.8,82,75,24.16,DE,1601735105
439,Scarperia,43.99,11.35,60.8,82,75,5.82,IT,1601735105
440,Mehmels,50.63,10.33,57.0,93,100,1.99,DE,1601735105
441,Vandoies - Vintl,46.82,11.72,60.01,93,75,6.38,IT,1601735106
442,Jasło,49.75,21.47,69.01,74,100,7.0,PL,1601735106
443,Skorodumka,56.22,39.5,58.75,66,52,4.7,RU,1601735106
444,Mjamaoué,-12.19,44.31,80.17,72,3,4.61,KM,1601735108
445,Gastonia,35.26,-81.19,60.8,59,1,9.17,US,1601735108
446,Sultepec,18.87,-99.95,44.6,81,40,6.93,MX,1601735109
447,Steeple Flat,-36.57,149.37,59.0,41,42,11.41,AU,1601735109
448,Andard,47.46,-0.4,53.01,93,100,8.05,FR,1601735109
449,Burriana,39.89,-0.09,75.99,26,0,1.01,ES,1601735110
450,Allada,6.67,2.15,84.2,74,40,14.99,BJ,1601735110
451,Jinjing,24.57,118.6,80.6,78,20,4.47,CN,1601735110
452,Shepparton,-36.38,145.4,63.0,49,42,14.32,AU,1601735111
453,Altan Xiret,39.58,109.75,37.06,62,0,17.6,CN,1601735111
454,Voděrádky,49.98,14.64,73.99,56,0,9.17,CZ,1601735111
455,Tayabas,14.03,121.59,77.0,95,62,1.99,PH,1601735112
456,Civrieux,45.92,4.89,60.8,59,90,29.97,FR,1601735112
457,Heinzenhausen,49.63,7.6,59.0,1,77,11.99,DE,1601735112
458,Mene Grande,9.85,-70.93,83.77,72,96,4.16,VE,1601735112
459,Millery,45.63,4.79,60.8,59,90,29.97,FR,1601735112
460,Santo Tomas,14.08,121.18,80.6,94,75,2.24,PH,1601735113
461,Quinabigan,12.99,121.48,80.85,82,100,4.92,PH,1601735113
462,Deviz,46.77,39.62,65.91,54,100,12.33,RU,1601735114
463,Löddeköpinge,55.77,13.02,62.01,79,100,25.21,SE,1601735114
464,Strullendorf,49.85,10.96,55.99,46,100,3.0,DE,1601735115
465,McKees Hill,-28.88,153.2,57.99,93,9,0.83,AU,1601735115
466,Rebberlah,52.75,10.17,70.0,64,75,12.75,DE,1601735115
467,Dinaig,7.03,124.31,78.22,79,100,3.71,PH,1601735115
468,Ceyrat,45.73,3.06,57.2,58,75,18.34,FR,1601735116
469,Vilanoveta,41.6,0.64,63.0,58,20,14.99,ES,1601735116
470,Pfarrweisach,50.15,10.73,55.99,87,100,1.01,DE,1601735116
471,Hundorp,61.56,9.94,45.0,95,100,8.99,NO,1601735119
472,Jabłonka,49.69,22.12,68.0,74,100,7.0,PL,1601735120
473,Schönau an der Brend,50.38,10.1,53.01,87,100,4.0,DE,1601735120
474,Atagay,55.1,99.39,33.46,83,87,4.09,RU,1601735120
475,Parçay-les-Pins,47.44,0.16,53.6,93,100,8.05,FR,1601735121
476,Pfeffenhausen,48.67,11.97,54.0,76,100,21.92,DE,1601735121
477,Carrascal,9.37,125.95,79.27,80,46,4.99,PH,1601735121
478,Washougal,45.58,-122.35,57.2,87,90,3.36,US,1601735122
479,Martinfeld,51.28,10.18,66.0,81,99,3.0,DE,1601735122
480,Phakdi Chumphon,15.91,101.42,76.51,89,98,1.19,TH,1601735122
481,Stangerode,51.65,11.35,73.0,67,100,3.0,DE,1601735122
482,Gobernador Virasora,-28.05,-56.03,69.49,59,48,11.88,AR,1601735124
483,Séreilhac,45.77,1.08,52.0,93,100,16.11,FR,1601735125
484,Nauendorf,50.89,11.18,66.99,72,100,3.36,DE,1601735125
485,Burbure,50.54,2.47,60.01,65,100,1.99,FR,1601735125
486,Toa Alta,18.37,-66.25,84.0,74,75,6.93,PR,1601735125
487,Uría,43.08,-6.85,55.99,70,86,1.99,ES,1601735126
488,Wager Bay,65.93,-90.82,26.64,94,100,8.37,CA,1601735126
489,Courgoul,45.51,3.04,57.2,58,75,18.34,FR,1601735126
490,Najd al Jama`i,13.92,44.32,73.02,28,0,8.63,YE,1601735127
491,la Morera de Montsant,41.26,0.84,69.01,37,20,14.99,ES,1601735127
492,Floreal,-20.68,-50.15,103.15,14,23,5.84,BR,1601735127
493,São Manços,38.46,-7.75,68.0,42,75,12.75,PT,1601735128
494,Montauban-sur-l'Ouvèze,44.27,5.5,63.0,63,95,14.99,FR,1601735129
495,Vitry-le-François,48.73,4.58,57.2,62,90,11.41,FR,1601735130
496,Bănişor,47.12,22.85,73.4,53,71,13.87,RO,1601735130
497,les Planes d'Hostoles,42.06,2.54,66.0,42,94,8.05,ES,1601735130
498,Gochsheim,50.02,10.28,54.0,85,100,12.62,DE,1601735131
499,Politischer Bezirk Bruck an der Leitha,48.05,16.7,73.0,60,20,19.46,AT,1601735131
500,Wiesent,49.02,12.38,60.01,76,100,3.0,DE,1601735132
501,Hertfordshire,51.83,-0.25,57.2,82,75,14.99,GB,1601735067
502,Prokudskoye,55.01,82.46,46.4,75,32,8.95,RU,1601735133
503,Saint-Jean-sur-Veyle,46.25,4.92,60.01,76,82,11.99,FR,1601735133
504,Cauquenes,-35.97,-72.32,52.02,56,49,1.88,CL,1601735133
505,Berrow,51.26,-3.01,54.0,97,100,1.99,GB,1601735134
506,Clear Lake,48.46,-122.23,53.01,100,90,4.7,US,1601734861
507,Allertshausen,50.2,10.67,55.99,79,100,1.99,DE,1601735134
508,La Porte,29.67,-95.02,71.01,77,1,5.82,US,1601735135
509,Topolná,49.12,17.54,75.0,65,100,4.0,CZ,1601735135
510,Föhrden-Barl,53.93,9.79,63.0,83,89,5.99,DE,1601735136
511,Yuanbuzi,39.82,112.53,33.31,75,0,18.48,CN,1601735136
512,Sainte-Consorce,45.77,4.7,60.8,59,90,29.97,FR,1601735136
513,Chaadayevo,55.67,42.03,59.94,58,30,3.74,RU,1601735136
514,Hemme,54.28,9.02,63.0,82,75,23.04,DE,1601735136
515,Zhangwan,26.71,119.59,72.88,87,4,0.67,CN,1601735137
516,Santa Coloma,42.37,-2.66,60.8,51,75,18.34,ES,1601735137
517,Simakovo,53.4,26.48,60.66,71,100,12.48,BY,1601735138
518,Spalding,52.79,-0.15,57.0,95,100,1.99,GB,1601735138
519,Dunhua,43.37,128.24,42.08,75,0,3.71,CN,1601735139
520,Borgo di Ranzo,44.06,8.02,66.0,59,20,16.11,IT,1601735139
521,Laufersweiler,49.9,7.3,59.0,81,40,9.17,DE,1601735139
522,Saint-Mamet,42.78,0.6,54.0,82,100,3.0,FR,1601735140
523,Hedentorp,56.02,14.15,60.01,93,75,18.34,SE,1601735140
524,Uglegorskiy,48.24,41.25,63.16,32,100,12.17,RU,1601735140
525,Astakhov,48.46,40.3,63.3,39,97,13.56,RU,1601735141
526,Boulleret,47.42,2.87,55.0,84,100,12.71,FR,1601735142
527,Hasberg,48.18,10.42,50.0,82,100,3.0,DE,1601735142
528,Kriel,50.92,6.9,55.0,93,75,4.7,DE,1601735142
529,Mølholm,55.7,9.54,61.0,82,100,21.92,DK,1601735143
530,Landkreis Freyung-Grafenau,48.84,13.52,66.99,63,100,8.01,DE,1601735143
531,Thedford,43.15,-81.85,48.0,80,100,6.08,CA,1601735034
532,Congosto,42.62,-6.52,57.0,66,90,11.27,ES,1601735143
533,Seefeld,54.1,9.47,63.0,82,75,23.04,DE,1601735143
534,Arlington,41.7,-73.9,55.99,76,1,1.72,US,1601735144
535,Bazarnye Mataki,54.88,49.93,55.89,68,0,5.26,RU,1601735144
536,Cythera,36.15,22.99,78.22,67,0,2.68,GR,1601735144
537,Villecroze,43.58,6.28,64.4,59,98,3.36,FR,1601735145
538,Marcillac-Saint-Quentin,44.97,1.23,54.0,92,100,5.01,FR,1601735145
539,Coxcatlán,18.27,-97.15,63.32,63,36,3.27,MX,1601735146
540,Temirtau,53.14,87.45,35.08,87,0,1.68,RU,1601735146
541,Paprotnia,52.21,20.42,71.01,76,5,16.96,PL,1601735146
542,Pomps,43.5,-0.53,57.0,100,100,16.11,FR,1601735147
543,Pleasant Hill,36.38,-94.11,57.0,71,75,9.17,US,1601735147
544,Linstead Place,43.58,-106.52,46.99,58,1,3.0,US,1601735148
545,Kache,34.6,103.35,40.28,85,100,4.68,CN,1601735148
546,Palomas,38.7,-6.16,66.99,42,0,10.0,ES,1601735148
547,Malorechenskoye,44.76,34.56,68.36,61,65,1.57,UA,1601735149
548,Bakerville,40.06,-89.2,50.0,87,90,2.77,US,1601735149
549,Legionowo,52.4,20.94,73.99,59,0,7.0,PL,1601735149
550,Vorotilovo,56.96,43.72,57.67,63,75,2.17,RU,1601735150
551,Redbridge,51.57,0.08,60.8,67,75,8.05,GB,1601735151
552,Rivière Salée,14.53,-60.98,84.2,74,98,10.29,MQ,1601735151
553,Bersone,45.94,10.63,66.0,68,40,28.86,IT,1601735152
554,Berlin,43.97,-88.94,46.0,79,100,1.99,US,1601735152
555,Dobryatino,55.51,41.32,59.68,61,52,3.58,RU,1601735152
556,Brilliant,40.26,-80.63,46.99,93,90,3.36,US,1601735152
557,Wantou,29.9,121.55,79.0,83,40,6.71,CN,1601735153
558,Solliès-Pont,43.18,6.05,66.2,59,80,5.82,FR,1601735153
559,Baxley,31.78,-82.35,63.0,72,1,8.05,US,1601735153
560,Čeminac,45.69,18.67,88.0,37,68,19.46,HR,1601735153
561,Huberville,49.52,-1.43,60.8,63,40,5.82,FR,1601735153
562,Pingyao,30.4,119.96,77.0,86,100,4.14,CN,1601735154
563,Eisenbach,47.97,8.27,60.01,72,79,7.7,DE,1601735154
564,Saint-Romain-de-Colbosc,49.53,0.36,60.8,55,75,10.29,FR,1601735154
565,Senggreng,-8.16,112.52,72.75,92,79,2.33,ID,1601735155
566,Partido de General Rodríguez,-34.67,-59.0,52.0,56,89,5.99,AR,1601735155
567,Saint-Geniès-Bellevue,43.68,1.48,53.6,87,100,18.34,FR,1601735155
568,Carson,33.83,-118.28,71.01,82,1,1.25,US,1601734925
569,Romanel,46.56,6.51,55.0,85,24,15.97,CH,1601735156
570,Doftana,45.15,25.8,73.0,58,98,4.59,RO,1601735159
571,Kalwang,47.42,14.75,68.0,64,98,9.17,AT,1601735160
572,Orlovo,56.03,38.1,60.8,55,100,11.18,RU,1601735160
573,Taloko,-8.4,118.32,79.57,77,60,8.61,ID,1601735161
574,Pudūr,9.32,78.15,87.8,52,40,10.29,IN,1601735162
575,Taviano,44.1,11.0,61.0,88,96,7.0,IT,1601735162
576,Urigoiti,43.09,-2.84,60.01,82,75,13.87,ES,1601735162
577,Zhovkva,50.06,23.97,69.8,60,93,15.66,UA,1601735163
578,Schwaförden,52.74,8.83,68.0,72,75,12.75,DE,1601735163
579,Sias-Pen'ye,57.83,41.89,56.48,72,100,2.1,RU,1601735164
580,Rieseby,54.53,9.82,60.8,82,99,24.16,DE,1601735164
581,Tópaga,5.76,-72.83,54.59,81,23,4.7,CO,1601735164
582,Municipio Tinaco,9.67,-68.33,81.32,72,2,4.14,VE,1601735165
583,Gölbaşı,37.86,30.42,78.8,21,0,12.75,TR,1601735165
584,Ostrov,56.9,37.43,59.34,63,68,5.64,RU,1601735165
585,Jirueque,40.97,-2.91,60.01,47,22,1.01,ES,1601735165
586,Quatre Bornes,-20.26,57.47,75.2,73,20,8.05,MU,1601734957
587,Edesheim,49.26,8.13,59.0,79,99,1.99,DE,1601735167
588,Cernadilla,42.01,-6.41,57.0,66,9,14.34,ES,1601735167
589,Abramovka,51.19,41.02,63.46,28,97,7.54,RU,1601735167
590,Reimerath,50.3,6.97,54.0,87,100,14.99,DE,1601735168
591,Ilaya,5.82,125.23,81.7,79,95,4.07,PH,1601735168
592,Maglione,45.35,8.01,66.99,59,15,4.0,IT,1601735168
593,Laïndé,9.33,13.42,87.8,62,20,2.24,CM,1601735169
594,Noyon,49.58,3.0,57.99,71,75,10.29,FR,1601735068
595,Childress,34.53,-100.22,57.2,67,1,4.7,US,1601735169
596,Burry Port,51.68,-4.25,54.0,87,100,18.34,GB,1601735169
597,Haute Nendaz,46.19,7.3,57.2,58,40,4.7,CH,1601735170
598,Xiaozhuangzi,40.27,120.43,62.73,48,0,15.37,CN,1601735171
599,Al Hazm,14.69,45.61,83.39,14,0,13.44,YE,1601735171
